{"cameraMode":{"drawMode":0,"name":"Shaded","section":"Shading Mode"},"sceneLighting":true,"audioPlay":false,"sceneViewState":{"m_AlwaysRefresh":false,"showFog":true,"showSkybox":true,"showFlares":true,"showImageEffects":true,"showParticleSystems":true,"showVisualEffectGraphs":true,"m_FxEnabled":true},"in2DMode":false,"pivot":{"x":-3.0695505142211916,"y":1.479673981666565,"z":0.03297460079193115},"rotation":{"x":0.20877091586589814,"y":-0.0005957427783869207,"z":0.00011350110435159877,"w":0.9779922962188721},"size":4.188468933105469,"orthographic":false}