{"cameraMode":{"drawMode":0,"name":"Shaded","section":"Shading Mode"},"sceneLighting":false,"audioPlay":false,"sceneViewState":{"m_AlwaysRefresh":false,"showFog":true,"showSkybox":true,"showFlares":true,"showImageEffects":true,"showParticleSystems":true,"showVisualEffectGraphs":true,"m_FxEnabled":true},"in2DMode":false,"pivot":{"x":-0.9276683330535889,"y":1.8337472677230836,"z":-0.2644549012184143},"rotation":{"x":-0.01970709301531315,"y":0.1033119261264801,"z":-0.0020312040578573944,"w":-0.9944800734519959},"size":9.103723526000977,"orthographic":false}